{
  "id": "3469769",
  "name": "项目管理",
  "font_family": "iconfont",
  "css_prefix_text": "icon-",
  "description": "",
  "glyphs": [
    {
      "icon_id": "826948",
      "name": "登录",
      "font_class": "denglu-copy",
      "unicode": "e63a",
      "unicode_decimal": 58938
    },
    {
      "icon_id": "1001191",
      "name": "员工信息",
      "font_class": "iconyggl",
      "unicode": "e631",
      "unicode_decimal": 58929
    },
    {
      "icon_id": "1200230",
      "name": "添加用户",
      "font_class": "tianjiayonghu",
      "unicode": "e630",
      "unicode_decimal": 58928
    },
    {
      "icon_id": "1921128",
      "name": "员工管理",
      "font_class": "yuangongguanli",
      "unicode": "e60a",
      "unicode_decimal": 58890
    },
    {
      "icon_id": "3456455",
      "name": "首页",
      "font_class": "shouye",
      "unicode": "e70e",
      "unicode_decimal": 59150
    },
    {
      "icon_id": "6027503",
      "name": "右箭头",
      "font_class": "youjiantou",
      "unicode": "e608",
      "unicode_decimal": 58888
    },
    {
      "icon_id": "6027505",
      "name": "左箭头",
      "font_class": "zuojiantou",
      "unicode": "e609",
      "unicode_decimal": 58889
    },
    {
      "icon_id": "10392614",
      "name": "登录",
      "font_class": "denglu",
      "unicode": "e604",
      "unicode_decimal": 58884
    },
    {
      "icon_id": "11372676",
      "name": "密码",
      "font_class": "mima",
      "unicode": "e8b2",
      "unicode_decimal": 59570
    },
    {
      "icon_id": "21636243",
      "name": "项目管理",
      "font_class": "xiangmuguanli",
      "unicode": "e614",
      "unicode_decimal": 58900
    }
  ]
}
